street_name,town,lat,lng
ANG MO KIO AVE 10,ANG MO KIO,1.3667607,103.8565486
ANG MO KIO AVE 4,ANG MO KIO,1.3763651,103.8393621
ANG MO KIO AVE 5,ANG MO KIO,1.3768769,103.8472902
ANG MO KIO AVE 1,ANG MO KIO,1.3743332,103.8479021
ANG MO KIO AVE 3,ANG MO KIO,1.3716951,103.8478861
ANG MO KIO AVE 9,ANG MO KIO,1.3801427,103.8476654
ANG MO KIO AVE 8,ANG MO KIO,1.3756606,103.8477779
ANG MO KIO AVE 6,ANG MO KIO,1.3765569,103.8450682
ANG MO KIO ST 52,ANG MO KIO,1.3725641,103.8533049
BEDOK NTH AVE 4,BEDOK,1.3283884,103.9267261
BEDOK NTH AVE 1,BEDOK,1.3284637,103.9350757
BEDOK NTH RD,BEDOK,1.330635,103.9303281
BEDOK STH AVE 1,BEDOK,1.320875,103.9337491
BEDOK RESERVOIR RD,BEDOK,1.3370285,103.9214848
CHAI CHEE ST,BEDOK,1.328415,103.9226738
BEDOK NTH ST 3,BEDOK,1.32573,103.9298777
BEDOK STH RD,BEDOK,1.3215981,103.9395478
CHAI CHEE AVE,BEDOK,1.3250333,103.9246368
NEW UPP CHANGI RD,BEDOK,1.3245193,103.9351317
CHAI CHEE DR,BEDOK,1.3240343,103.9191501
BEDOK STH AVE 2,BEDOK,1.3222585,103.9374146
BEDOK NTH AVE 3,BEDOK,1.330768,103.9344789
BEDOK RESERVOIR VIEW,BEDOK,1.3368264,103.936717
CHAI CHEE RD,BEDOK,1.325311,103.9232153
LENGKONG TIGA,BEDOK,1.3243821,103.91147
BEDOK CTRL,BEDOK,1.3257572,103.9335975
JLN DAMAI,BEDOK,1.3334879,103.9094395
BEDOK NTH AVE 2,BEDOK,1.330768,103.9344789
BEDOK STH AVE 3,BEDOK,1.3259459,103.9451032
SIN MING RD,BISHAN,1.3559014,103.8377447
SIN MING AVE,BISHAN,1.3632469,103.8362326
BISHAN ST 12,BISHAN,1.3463575,103.850828
BISHAN ST 13,BISHAN,1.3493515,103.8539786
BISHAN ST 22,BISHAN,1.3573661,103.8452482
BISHAN ST 24,BISHAN,1.3565862,103.844408
BISHAN ST 23,BISHAN,1.3570608,103.8465231
BRIGHT HILL DR,BISHAN,1.3574913,103.8319525
SHUNFU RD,BISHAN,1.3520019,103.8374497
BT BATOK ST 34,BUKIT BATOK,1.3637652,103.7499928
BT BATOK ST 51,BUKIT BATOK,1.3557055,103.7506292
BT BATOK ST 11,BUKIT BATOK,1.349818,103.7433344
BT BATOK ST 52,BUKIT BATOK,1.3562086,103.7534358
BT BATOK ST 21,BUKIT BATOK,1.3465348,103.7533653
BT BATOK EAST AVE 5,BUKIT BATOK,1.3532617,103.7549128
BT BATOK WEST AVE 6,BUKIT BATOK,1.3534631,103.7429384
BT BATOK CTRL,BUKIT BATOK,1.3503146,103.7497699
BT BATOK WEST AVE 8,BUKIT BATOK,1.3554152,103.739702
BT BATOK EAST AVE 4,BUKIT BATOK,1.3494737,103.758536
BT BATOK ST 31,BUKIT BATOK,1.3589162,103.7511175
BT BATOK ST 25,BUKIT BATOK,1.3436556,103.7609321
BT BATOK EAST AVE 3,BUKIT BATOK,1.3443815,103.7582677
BT BATOK WEST AVE 5,BUKIT BATOK,1.358717,103.7422796
BT BATOK ST 24,BUKIT BATOK,1.3426632,103.7566503
JLN BT HO SWEE,BUKIT MERAH,1.2873866,103.8296988
TELOK BLANGAH DR,BUKIT MERAH,1.2729361,103.807824
BEO CRES,BUKIT MERAH,1.2891612,103.8270425
TELOK BLANGAH CRES,BUKIT MERAH,1.2770566,103.820226
TAMAN HO SWEE,BUKIT MERAH,1.2877548,103.8320224
TELOK BLANGAH RISE,BUKIT MERAH,1.2727546,103.8212924
TELOK BLANGAH WAY,BUKIT MERAH,1.2758577,103.8191846
JLN BT MERAH,BUKIT MERAH,1.2835701,103.8193837
JLN KLINIK,BUKIT MERAH,1.2876274,103.8288073
TELOK BLANGAH HTS,BUKIT MERAH,1.2766698,103.8114559
BT MERAH VIEW,BUKIT MERAH,1.2841648,103.8215886
INDUS RD,BUKIT MERAH,1.2914431,103.8277671
BT MERAH LANE 1,BUKIT MERAH,1.2856468,103.8039272
TELOK BLANGAH ST 31,BUKIT MERAH,1.2751288,103.8067579
MOH GUAN TER,BUKIT MERAH,1.2838786,103.8305259
HAVELOCK RD,BUKIT MERAH,1.2890035,103.8359745
HENDERSON CRES,BUKIT MERAH,1.2888276,103.8217207
BT PURMEI RD,BUKIT MERAH,1.2727517,103.8255559
KIM TIAN RD,BUKIT MERAH,1.2824629,103.8277583
DEPOT RD,BUKIT MERAH,1.2815762,103.8098305
JLN RUMAH TINGGI,BUKIT MERAH,1.2878573,103.8094517
DELTA AVE,BUKIT MERAH,1.2920413,103.8273772
JLN MEMBINA,BUKIT MERAH,1.2834898,103.826682
REDHILL RD,BUKIT MERAH,1.2876447,103.8161531
LENGKOK BAHRU,BUKIT MERAH,1.2869338,103.8137417
ZION RD,BUKIT MERAH,1.2902669,103.8331804
PETIR RD,BUKIT PANJANG,1.3748828,103.7709641
PENDING RD,BUKIT PANJANG,1.3762379,103.7710963
BANGKIT RD,BUKIT PANJANG,1.3776889,103.7741527
SEGAR RD,BUKIT PANJANG,1.3882921,103.7713274
JELAPANG RD,BUKIT PANJANG,1.3858976,103.7672889
SENJA RD,BUKIT PANJANG,1.3866699,103.7617972
FAJAR RD,BUKIT PANJANG,1.3841157,103.7701699
BT PANJANG RING RD,BUKIT PANJANG,1.3864255,103.7645073
SENJA LINK,BUKIT PANJANG,1.3870939,103.7627945
LOMPANG RD,BUKIT PANJANG,1.3798797,103.7655203
GANGSA RD,BUKIT PANJANG,1.377842,103.7663106
TOH YI DR,BUKIT TIMAH,1.3380803,103.7716335
FARRER RD,BUKIT TIMAH,1.3173599,103.8076098
JLN KUKOH,CENTRAL AREA,1.2879319,103.8397507
ROWELL RD,CENTRAL AREA,1.3084431,103.8550979
WATERLOO ST,CENTRAL AREA,1.2987785,103.8515587
NEW MKT RD,CENTRAL AREA,1.2871894,103.8447249
TG PAGAR PLAZA,CENTRAL AREA,1.2760424,103.8426923
QUEEN ST,CENTRAL AREA,1.2995426,103.8534866
BAIN ST,CENTRAL AREA,1.2971072,103.85396
CANTONMENT RD,CENTRAL AREA,1.2757859,103.8409626
TECK WHYE LANE,CHOA CHU KANG,1.3788984,103.7526191
CHOA CHU KANG AVE 4,CHOA CHU KANG,1.3827764,103.7415944
CHOA CHU KANG AVE 3,CHOA CHU KANG,1.3807559,103.742389
CHOA CHU KANG CRES,CHOA CHU KANG,1.4032517,103.748375
CHOA CHU KANG ST 54,CHOA CHU KANG,1.3947504,103.7490377
CHOA CHU KANG CTRL,CHOA CHU KANG,1.381097,103.7467587
JLN TECK WHYE,CHOA CHU KANG,1.3799998,103.7576493
CHOA CHU KANG ST 62,CHOA CHU KANG,1.39885,103.746659
CHOA CHU KANG NTH 6,CHOA CHU KANG,1.3963312,103.7474905
CHOA CHU KANG DR,CHOA CHU KANG,1.3940292,103.7462951
CHOA CHU KANG NTH 5,CHOA CHU KANG,1.3919048,103.7467749
CHOA CHU KANG ST 52,CHOA CHU KANG,1.3948713,103.743962
CHOA CHU KANG AVE 2,CHOA CHU KANG,1.3783588,103.7427563
CLEMENTI WEST ST 2,CLEMENTI,1.3036513,103.7627819
WEST COAST RD,CLEMENTI,1.3068773,103.7601463
CLEMENTI WEST ST 1,CLEMENTI,1.3047221,103.7666794
CLEMENTI AVE 4,CLEMENTI,1.3185546,103.7660885
CLEMENTI AVE 5,CLEMENTI,1.317268,103.7680375
CLEMENTI ST 11,CLEMENTI,1.3221737,103.7705122
CLEMENTI AVE 2,CLEMENTI,1.3114847,103.7675701
CLEMENTI AVE 3,CLEMENTI,1.313797,103.7634959
CLEMENTI AVE 1,CLEMENTI,1.3102836,103.7685092
C'WEALTH AVE WEST,CLEMENTI,1.3036513,103.7627819
CIRCUIT RD,GEYLANG,1.3263918,103.8883199
BALAM RD,GEYLANG,1.3299307,103.8866234
MACPHERSON LANE,GEYLANG,1.3319149,103.8851893
EUNOS CRES,GEYLANG,1.3215095,103.9037357
UBI AVE 1,GEYLANG,1.3262572,103.8980834
HAIG RD,GEYLANG,1.3113354,103.8968457
OLD AIRPORT RD,GEYLANG,1.3077797,103.8859687
GEYLANG EAST AVE 1,GEYLANG,1.3171749,103.8853632
SIMS DR,GEYLANG,1.3181336,103.8789386
PIPIT RD,GEYLANG,1.3237103,103.8869211
GEYLANG EAST CTRL,GEYLANG,1.3189985,103.8868693
EUNOS RD 5,GEYLANG,1.3204327,103.8961606
CASSIA CRES,GEYLANG,1.3098201,103.8842296
BUANGKOK CRES,HOUGANG,1.3838329,103.8806246
HOUGANG AVE 3,HOUGANG,1.3527672,103.8908706
HOUGANG AVE 8,HOUGANG,1.3746983,103.8882516
HOUGANG AVE 1,HOUGANG,1.3544184,103.889824
HOUGANG AVE 5,HOUGANG,1.3673384,103.8963423
HOUGANG ST 61,HOUGANG,1.3747019,103.8863784
HOUGANG ST 11,HOUGANG,1.3519335,103.8801928
HOUGANG AVE 7,HOUGANG,1.3673872,103.8992095
HOUGANG AVE 4,HOUGANG,1.3713668,103.8879925
HOUGANG AVE 2,HOUGANG,1.3681714,103.884852
LOR AH SOO,HOUGANG,1.3514894,103.8848211
HOUGANG ST 92,HOUGANG,1.3732079,103.8796857
HOUGANG ST 52,HOUGANG,1.3767515,103.8894006
HOUGANG AVE 10,HOUGANG,1.3730673,103.8918396
HOUGANG ST 51,HOUGANG,1.3801872,103.8878715
UPP SERANGOON RD,HOUGANG,1.363787,103.8888817
HOUGANG CTRL,HOUGANG,1.3713044,103.89205
HOUGANG ST 91,HOUGANG,1.3771029,103.8821387
BUANGKOK LINK,HOUGANG,1.382969,103.8823136
HOUGANG ST 31,HOUGANG,1.36277,103.8895561
PANDAN GDNS,JURONG EAST,1.3202807,103.7478726
TEBAN GDNS RD,JURONG EAST,1.3219988,103.7414998
JURONG EAST ST 24,JURONG EAST,1.3434443,103.7401856
JURONG EAST ST 21,JURONG EAST,1.3369679,103.7433629
JURONG EAST AVE 1,JURONG EAST,1.3441277,103.7347086
JURONG EAST ST 13,JURONG EAST,1.3370334,103.7372944
JURONG EAST ST 32,JURONG EAST,1.3470214,103.7338564
TOH GUAN RD,JURONG EAST,1.3363443,103.7475947
JURONG WEST ST 93,JURONG WEST,1.3381307,103.6930683
BOON LAY AVE,JURONG WEST,1.3470152,103.7103715
HO CHING RD,JURONG WEST,1.3344034,103.7240884
BOON LAY DR,JURONG WEST,1.3438613,103.712868
TAO CHING RD,JURONG WEST,1.332941,103.7240581
JURONG WEST ST 91,JURONG WEST,1.3418091,103.6898549
JURONG WEST ST 42,JURONG WEST,1.3531391,103.7216459
JURONG WEST ST 92,JURONG WEST,1.3412762,103.6901993
BOON LAY PL,JURONG WEST,1.3468417,103.7128492
JURONG WEST ST 52,JURONG WEST,1.3481732,103.7177635
JURONG WEST ST 81,JURONG WEST,1.3471387,103.6951024
YUNG SHENG RD,JURONG WEST,1.3349158,103.7212688
JURONG WEST ST 25,JURONG WEST,1.35401,103.7038569
JURONG WEST ST 73,JURONG WEST,1.3470654,103.6998098
JURONG WEST ST 72,JURONG WEST,1.346019,103.6990308
JURONG WEST AVE 3,JURONG WEST,1.35189,103.7046678
JURONG WEST AVE 5,JURONG WEST,1.3465681,103.6969139
YUNG HO RD,JURONG WEST,1.3264493,103.7216968
JURONG WEST ST 74,JURONG WEST,1.3493843,103.6992664
JURONG WEST AVE 1,JURONG WEST,1.3510748,103.7212873
JURONG WEST ST 71,JURONG WEST,1.342723,103.6954423
JURONG WEST ST 61,JURONG WEST,1.3385893,103.6984964
JURONG WEST ST 65,JURONG WEST,1.339792,103.701055
TAH CHING RD,JURONG WEST,1.3375173,103.7230735
JURONG WEST CTRL 1,JURONG WEST,1.342604,103.7054434
JURONG WEST ST 64,JURONG WEST,1.341031,103.7039373
JURONG WEST ST 62,JURONG WEST,1.3404677,103.700951
JURONG WEST ST 41,JURONG WEST,1.3482978,103.7232204
JURONG WEST ST 24,JURONG WEST,1.3501592,103.7068711
JLN BATU,KALLANG/WHAMPOA,1.3029391,103.8833749
JLN BAHAGIA,KALLANG/WHAMPOA,1.327168,103.858069
LOR LIMAU,KALLANG/WHAMPOA,1.3241276,103.8549649
ST. GEORGE'S RD,KALLANG/WHAMPOA,1.3231352,103.862383
KALLANG BAHRU,KALLANG/WHAMPOA,1.3179767,103.8666035
DORSET RD,KALLANG/WHAMPOA,1.3134015,103.8503232
GEYLANG BAHRU,KALLANG/WHAMPOA,1.3222623,103.8704758
BENDEMEER RD,KALLANG/WHAMPOA,1.3206339,103.865229
WHAMPOA DR,KALLANG/WHAMPOA,1.3235894,103.8565101
UPP BOON KENG RD,KALLANG/WHAMPOA,1.314381,103.8720873
RACE COURSE RD,KALLANG/WHAMPOA,1.311657,103.8530279
OWEN RD,KALLANG/WHAMPOA,1.3147707,103.8521392
NTH BRIDGE RD,KALLANG/WHAMPOA,1.3008548,103.8575279
TOWNER RD,KALLANG/WHAMPOA,1.3198243,103.8587916
FARRER PK RD,KALLANG/WHAMPOA,1.3118819,103.8514417
MCNAIR RD,KALLANG/WHAMPOA,1.3194691,103.8580753
JLN TENTERAM,KALLANG/WHAMPOA,1.3270591,103.8594238
BOON KENG RD,KALLANG/WHAMPOA,1.3153712,103.8645024
JLN RAJAH,KALLANG/WHAMPOA,1.3279521,103.8513285
MARINE DR,MARINE PARADE,1.3035914,103.9089893
MARINE CRES,MARINE PARADE,1.3055397,103.9120454
MARINE TER,MARINE PARADE,1.3051032,103.9153271
CHANGI VILLAGE RD,PASIR RIS,1.3846035,103.9874016
PASIR RIS ST 71,PASIR RIS,1.3755676,103.9373989
PASIR RIS ST 11,PASIR RIS,1.364947,103.9586667
PASIR RIS DR 3,PASIR RIS,1.37497,103.9516458
PASIR RIS DR 6,PASIR RIS,1.3720207,103.9567674
PASIR RIS ST 21,PASIR RIS,1.3680634,103.9623767
PASIR RIS DR 4,PASIR RIS,1.3735869,103.9609009
PASIR RIS ST 53,PASIR RIS,1.3740966,103.9470266
PASIR RIS DR 10,PASIR RIS,1.3796897,103.9381962
PASIR RIS ST 52,PASIR RIS,1.3747071,103.9461073
PASIR RIS ST 12,PASIR RIS,1.3666166,103.9587452
PASIR RIS ST 51,PASIR RIS,1.3680077,103.9500421
PASIR RIS ST 72,PASIR RIS,1.3803503,103.9364876
PASIR RIS DR 1,PASIR RIS,1.3711059,103.9488267
PUNGGOL FIELD,PUNGGOL,1.399453,103.905639
EDGEDALE PLAINS,PUNGGOL,1.3984254,103.9132309
PUNGGOL FIELD WALK,PUNGGOL,1.3919511,103.9125735
EDGEFIELD PLAINS,PUNGGOL,1.4005857,103.9088722
PUNGGOL RD,PUNGGOL,1.3977305,103.904102
PUNGGOL EAST,PUNGGOL,1.3951639,103.9164699
PUNGGOL DR,PUNGGOL,1.4025582,103.9125114
PUNGGOL CTRL,PUNGGOL,1.3993402,103.9110936
PUNGGOL PL,PUNGGOL,1.4030918,103.9030684
C'WEALTH CL,QUEENSTOWN,1.3024191,103.7983862
STIRLING RD,QUEENSTOWN,1.2953338,103.8043983
MEI LING ST,QUEENSTOWN,1.2942719,103.8031883
C'WEALTH CRES,QUEENSTOWN,1.3024191,103.7983862
C'WEALTH DR,QUEENSTOWN,1.296245,103.799522
GHIM MOH RD,QUEENSTOWN,1.3116601,103.7871139
DOVER RD,QUEENSTOWN,1.3038064,103.7794345
HOLLAND AVE,QUEENSTOWN,1.3094096,103.7952366
STRATHMORE AVE,QUEENSTOWN,1.2937362,103.8099224
HOLLAND DR,QUEENSTOWN,1.3098788,103.7929035
GHIM MOH LINK,QUEENSTOWN,1.3098426,103.7852125
CLARENCE LANE,QUEENSTOWN,1.2923127,103.8140262
DOVER CRES,QUEENSTOWN,1.3056796,103.7827307
SEMBAWANG DR,SEMBAWANG,1.4525413,103.8168923
SEMBAWANG CL,SEMBAWANG,1.4474377,103.8173942
MONTREAL DR,SEMBAWANG,1.4517597,103.8244375
ADMIRALTY LINK,SEMBAWANG,1.4552133,103.8175844
ADMIRALTY DR,SEMBAWANG,1.4506213,103.8171115
SEMBAWANG CRES,SEMBAWANG,1.4447069,103.8167763
CANBERRA RD,SEMBAWANG,1.4515732,103.8205743
FERNVALE RD,SENGKANG,1.3936113,103.87613
COMPASSVALE LANE,SENGKANG,1.3857253,103.8983491
ANCHORVALE RD,SENGKANG,1.3933007,103.8872437
RIVERVALE DR,SENGKANG,1.3872989,103.9045675
RIVERVALE CRES,SENGKANG,1.391581,103.9074777
SENGKANG EAST WAY,SENGKANG,1.3922403,103.8966608
RIVERVALE ST,SENGKANG,1.3883825,103.9035905
RIVERVALE WALK,SENGKANG,1.3833793,103.9009283
FERNVALE LANE,SENGKANG,1.3894612,103.8708423
ANCHORVALE LINK,SENGKANG,1.3921549,103.8900824
COMPASSVALE RD,SENGKANG,1.3903291,103.8974758
COMPASSVALE CRES,SENGKANG,1.3972429,103.8982054
JLN KAYU,SENGKANG,1.3968915,103.8731122
COMPASSVALE WALK,SENGKANG,1.3895044,103.8985709
COMPASSVALE DR,SENGKANG,1.3878883,103.8969344
COMPASSVALE LINK,SENGKANG,1.3835873,103.8951903
COMPASSVALE BOW,SENGKANG,1.3815072,103.8936639
SENGKANG CTRL,SENGKANG,1.3845614,103.8932922
ANCHORVALE LANE,SENGKANG,1.3919526,103.8843019
ANCHORVALE DR,SENGKANG,1.3906074,103.8894421
COMPASSVALE ST,SENGKANG,1.3951499,103.8980618
SERANGOON AVE 4,SERANGOON,1.3582754,103.8707006
LOR LEW LIAN,SERANGOON,1.3500706,103.8772944
SERANGOON AVE 2,SERANGOON,1.3515525,103.8699198
SERANGOON NTH AVE 1,SERANGOON,1.3644344,103.8723348
SERANGOON AVE 1,SERANGOON,1.3475443,103.8751305
SERANGOON CTRL,SERANGOON,1.3511396,103.8729808
SERANGOON NTH AVE 4,SERANGOON,1.3646877,103.8722008
TAMPINES ST 22,TAMPINES,1.3490889,103.9510797
TAMPINES ST 41,TAMPINES,1.3588468,103.9486549
TAMPINES AVE 4,TAMPINES,1.3516867,103.9423072
TAMPINES ST 44,TAMPINES,1.3601158,103.953885
TAMPINES ST 81,TAMPINES,1.3483827,103.933707
TAMPINES ST 11,TAMPINES,1.3455541,103.9469361
TAMPINES ST 23,TAMPINES,1.3537876,103.9533691
TAMPINES ST 91,TAMPINES,1.348355,103.9391248
TAMPINES ST 21,TAMPINES,1.3516213,103.9489696
TAMPINES ST 83,TAMPINES,1.353207,103.9344639
TAMPINES ST 42,TAMPINES,1.3586058,103.9523818
TAMPINES ST 71,TAMPINES,1.3578353,103.9333492
TAMPINES ST 45,TAMPINES,1.3591474,103.9577982
TAMPINES ST 34,TAMPINES,1.3559296,103.9601044
TAMPINES ST 82,TAMPINES,1.3516141,103.9365762
TAMPINES AVE 9,TAMPINES,1.3602958,103.9433261
SIMEI ST 1,TAMPINES,1.3455308,103.9543763
SIMEI ST 5,TAMPINES,1.3439132,103.9540976
TAMPINES ST 72,TAMPINES,1.3593543,103.93467
TAMPINES ST 84,TAMPINES,1.3526996,103.9324682
SIMEI ST 2,TAMPINES,1.3455308,103.9543763
TAMPINES CTRL 7,TAMPINES,1.3581378,103.9400907
TAMPINES ST 33,TAMPINES,1.352159,103.9600783
TAMPINES ST 32,TAMPINES,1.3537995,103.9579087
TAMPINES AVE 5,TAMPINES,1.3503018,103.9414861
LOR 5 TOA PAYOH,TOA PAYOH,1.3365164,103.8527387
LOR 7 TOA PAYOH,TOA PAYOH,1.3373747,103.856379
LOR 4 TOA PAYOH,TOA PAYOH,1.3355859,103.8507769
LOR 1 TOA PAYOH,TOA PAYOH,1.3397621,103.8481821
TOA PAYOH EAST,TOA PAYOH,1.3342046,103.8573472
POTONG PASIR AVE 1,TOA PAYOH,1.3349168,103.8669414
TOA PAYOH NTH,TOA PAYOH,1.3416825,103.8493198
LOR 8 TOA PAYOH,TOA PAYOH,1.3397838,103.8564707
LOR 3 TOA PAYOH,TOA PAYOH,1.3380105,103.8480507
POTONG PASIR AVE 3,TOA PAYOH,1.3336139,103.8651988
JOO SENG RD,TOA PAYOH,1.3363406,103.8819507
LOR 2 TOA PAYOH,TOA PAYOH,1.3360505,103.8462992
TOA PAYOH CTRL,TOA PAYOH,1.3342641,103.8490489
MARSILING DR,WOODLANDS,1.4422643,103.7750429
WOODLANDS ST 13,WOODLANDS,1.4349802,103.7776654
WOODLANDS DR 52,WOODLANDS,1.4340444,103.7994545
WOODLANDS ST 41,WOODLANDS,1.4293302,103.7731592
MARSILING CRES,WOODLANDS,1.4481551,103.7749047
WOODLANDS ST 83,WOODLANDS,1.4408196,103.793685
WOODLANDS CIRCLE,WOODLANDS,1.4444853,103.798085
WOODLANDS DR 40,WOODLANDS,1.4421275,103.7960019
WOODLANDS ST 31,WOODLANDS,1.4304843,103.774978
WOODLANDS DR 16,WOODLANDS,1.4302168,103.7946235
WOODLANDS ST 81,WOODLANDS,1.4414768,103.789208
WOODLANDS RING RD,WOODLANDS,1.4384339,103.7992854
WOODLANDS DR 53,WOODLANDS,1.4323934,103.7971513
WOODLANDS DR 62,WOODLANDS,1.4393617,103.8053824
WOODLANDS DR 70,WOODLANDS,1.4412431,103.7983005
WOODLANDS DR 42,WOODLANDS,1.4369726,103.7969314
WOODLANDS DR 50,WOODLANDS,1.4370612,103.7935814
WOODLANDS AVE 6,WOODLANDS,1.4387795,103.8029865
WOODLANDS DR 14,WOODLANDS,1.4316858,103.7915305
WOODLANDS AVE 1,WOODLANDS,1.4314714,103.7851183
WOODLANDS AVE 5,WOODLANDS,1.4350425,103.7924408
MARSILING RISE,WOODLANDS,1.4393379,103.7811348
WOODLANDS CRES,WOODLANDS,1.4468524,103.8024146
WOODLANDS DR 73,WOODLANDS,1.4410235,103.8060957
WOODLANDS DR 44,WOODLANDS,1.4314329,103.7944937
YISHUN RING RD,YISHUN,1.4260651,103.8321027
YISHUN AVE 3,YISHUN,1.4237768,103.8299127
YISHUN ST 11,YISHUN,1.4321708,103.8327938
YISHUN AVE 4,YISHUN,1.4185912,103.8406564
YISHUN ST 22,YISHUN,1.4371689,103.8374991
YISHUN ST 71,YISHUN,1.4271142,103.8295792
YISHUN AVE 5,YISHUN,1.4304089,103.8313407
YISHUN ST 21,YISHUN,1.4331065,103.8368577
YISHUN ST 41,YISHUN,1.4194821,103.8454419
YISHUN ST 61,YISHUN,1.4205875,103.837731
YISHUN AVE 6,YISHUN,1.432994,103.8453055
YISHUN AVE 11,YISHUN,1.4246671,103.8446169
YISHUN CTRL,YISHUN,1.4263378,103.8405467
YISHUN ST 81,YISHUN,1.4150832,103.8373311
YISHUN ST 72,YISHUN,1.4267849,103.8326604
YISHUN AVE 2,YISHUN,1.4259469,103.835093
ANG MO KIO ST 32,ANG MO KIO,1.3645675,103.8502584
ANG MO KIO ST 31,ANG MO KIO,1.3659029,103.8479928
BEDOK NTH ST 2,BEDOK,1.3286351,103.9372078
BEDOK NTH ST 1,BEDOK,1.3318947,103.924946
JLN TENAGA,BEDOK,1.3324728,103.9065967
BEDOK NTH ST 4,BEDOK,1.3254501,103.9297668
BT BATOK WEST AVE 4,BUKIT BATOK,1.3627268,103.747
CANTONMENT CL,BUKIT MERAH,1.275071,103.8403629
BOON TIONG RD,BUKIT MERAH,1.2864825,103.8320104
SPOTTISWOODE PK RD,BUKIT MERAH,1.2752989,103.8372683
REDHILL CL,BUKIT MERAH,1.286539,103.816976
KIM TIAN PL,BUKIT MERAH,1.2832965,103.8286752
CASHEW RD,BUKIT PANJANG,1.3718515,103.767771
QUEEN'S RD,BUKIT TIMAH,1.3206693,103.8093452
CHANDER RD,CENTRAL AREA,1.308705,103.8517843
KELANTAN RD,CENTRAL AREA,1.3057237,103.8566304
SAGO LANE,CENTRAL AREA,1.2812706,103.8442514
UPP CROSS ST,CENTRAL AREA,1.285455,103.8432978
CHIN SWEE RD,CENTRAL AREA,1.2860446,103.8385788
SMITH ST,CENTRAL AREA,1.2824893,103.8439086
TECK WHYE AVE,CHOA CHU KANG,1.3812156,103.7539339
CHOA CHU KANG ST 51,CHOA CHU KANG,1.3913255,103.7430316
CHOA CHU KANG AVE 5,CHOA CHU KANG,1.3755965,103.7393375
CHOA CHU KANG AVE 1,CHOA CHU KANG,1.3767075,103.7450031
WEST COAST DR,CLEMENTI,1.3138283,103.7593183
PAYA LEBAR WAY,GEYLANG,1.3227992,103.8835345
ALJUNIED CRES,GEYLANG,1.3202748,103.8856818
JOO CHIAT RD,GEYLANG,1.3105219,103.9016076
PINE CL,GEYLANG,1.3080455,103.8829098
HOUGANG ST 22,HOUGANG,1.3556597,103.8909906
HOUGANG AVE 9,HOUGANG,1.3784859,103.8784535
HOUGANG AVE 6,HOUGANG,1.3766147,103.8928614
HOUGANG ST 21,HOUGANG,1.3580972,103.886022
JURONG WEST ST 75,JURONG WEST,1.3480635,103.6998901
KANG CHING RD,JURONG WEST,1.3390798,103.7219436
KG KAYU RD,KALLANG/WHAMPOA,1.3245132,103.8572252
CRAWFORD LANE,KALLANG/WHAMPOA,1.3050562,103.8624671
WHAMPOA WEST,KALLANG/WHAMPOA,1.3207966,103.8636292
BEACH RD,KALLANG/WHAMPOA,1.2997009,103.8594667
CAMBRIDGE RD,KALLANG/WHAMPOA,1.3149686,103.8485505
ST. GEORGE'S LANE,KALLANG/WHAMPOA,1.3223171,103.8617396
JELLICOE RD,KALLANG/WHAMPOA,1.3079687,103.8623068
ELIAS RD,PASIR RIS,1.3776679,103.9414209
HOLLAND CL,QUEENSTOWN,1.3075068,103.7957992
TANGLIN HALT RD,QUEENSTOWN,1.3021663,103.797285
C'WEALTH AVE,QUEENSTOWN,1.3024191,103.7983862
WELLINGTON CIRCLE,SEMBAWANG,1.4531146,103.8215989
CANBERRA LINK,SEMBAWANG,1.4468939,103.8274836
SENGKANG WEST AVE,SENGKANG,1.3910131,103.8765026
SENGKANG EAST RD,SENGKANG,1.3905505,103.8926272
SERANGOON CTRL DR,SERANGOON,1.3546564,103.8716088
SERANGOON AVE 3,SERANGOON,1.3515054,103.8682342
SERANGOON NTH AVE 3,SERANGOON,1.3646758,103.8722366
TAMPINES AVE 8,TAMPINES,1.3527568,103.9305734
TAMPINES ST 24,TAMPINES,1.3553387,103.9517559
TAMPINES ST 12,TAMPINES,1.3499048,103.9450892
SIMEI LANE,TAMPINES,1.343335,103.9583955
SIMEI ST 4,TAMPINES,1.3420111,103.9559533
LOR 6 TOA PAYOH,TOA PAYOH,1.3380639,103.8534021
KIM KEAT LINK,TOA PAYOH,1.3310371,103.8549019
MARSILING LANE,WOODLANDS,1.4450726,103.775801
WOODLANDS ST 82,WOODLANDS,1.4432749,103.7913931
WOODLANDS DR 60,WOODLANDS,1.4469485,103.7997288
WOODLANDS AVE 3,WOODLANDS,1.4323271,103.7750032
WOODLANDS DR 75,WOODLANDS,1.4416879,103.8081174
WOODLANDS AVE 4,WOODLANDS,1.4381579,103.7957198
WOODLANDS ST 32,WOODLANDS,1.4309653,103.7801462
YISHUN AVE 7,YISHUN,1.4385674,103.833694
ANG MO KIO ST 11,ANG MO KIO,1.3709461,103.8359091
BISHAN ST 11,BISHAN,1.3464798,103.8522764
BT BATOK WEST AVE 2,BUKIT BATOK,1.3578248,103.747229
BT BATOK ST 32,BUKIT BATOK,1.3623271,103.7483814
BT BATOK ST 33,BUKIT BATOK,1.3619417,103.7476264
BT BATOK ST 22,BUKIT BATOK,1.3441734,103.7497106
BT BATOK WEST AVE 7,BUKIT BATOK,1.3652691,103.7487899
HOY FATT RD,BUKIT MERAH,1.2881187,103.8118869
SILAT AVE,BUKIT MERAH,1.2765623,103.8305527
EVERTON PK,BUKIT MERAH,1.2768545,103.839286
BT MERAH CTRL,BUKIT MERAH,1.2836718,103.8161929
JELEBU RD,BUKIT PANJANG,1.3794497,103.7640651
EMPRESS RD,BUKIT TIMAH,1.3172788,103.8062794
VEERASAMY RD,CENTRAL AREA,1.3074316,103.8543697
CHOA CHU KANG ST 64,CHOA CHU KANG,1.397576,103.750071
CHOA CHU KANG ST 53,CHOA CHU KANG,1.3912823,103.747286
CHOA CHU KANG NTH 7,CHOA CHU KANG,1.4007256,103.7472414
CLEMENTI AVE 6,CLEMENTI,1.3231593,103.7641898
CLEMENTI ST 13,CLEMENTI,1.3235932,103.7711366
GEYLANG SERAI,GEYLANG,1.3169537,103.8973851
JLN TIGA,GEYLANG,1.3080485,103.8844315
ALJUNIED RD,GEYLANG,1.3223031,103.8814376
YUNG LOH RD,JURONG WEST,1.3275894,103.7221723
YUNG AN RD,JURONG WEST,1.336678,103.7195045
JLN MA'MOR,KALLANG/WHAMPOA,1.3282055,103.8572634
WHAMPOA RD,KALLANG/WHAMPOA,1.3260052,103.8563608
LOR 3 GEYLANG,KALLANG/WHAMPOA,1.3150551,103.8730623
PASIR RIS ST 13,PASIR RIS,1.3634402,103.9616212
QUEEN'S CL,QUEENSTOWN,1.2930905,103.7999624
DOVER CL EAST,QUEENSTOWN,1.3037887,103.7862278
SEMBAWANG VISTA,SEMBAWANG,1.44717,103.8209053
TAMPINES ST 43,TAMPINES,1.3610687,103.9519272
SIMEI RD,TAMPINES,1.344276,103.9577454
KIM KEAT AVE,TOA PAYOH,1.3324844,103.857702
UPP ALJUNIED LANE,TOA PAYOH,1.3342403,103.8795896
POTONG PASIR AVE 2,TOA PAYOH,1.3322343,103.8671036
WOODLANDS DR 72,WOODLANDS,1.4434272,103.8044054
MARSILING RD,WOODLANDS,1.4386801,103.7761594
WOODLANDS DR 71,WOODLANDS,1.4397727,103.8002157
YISHUN AVE 9,YISHUN,1.4155718,103.8394081
YISHUN ST 20,YISHUN,1.4360038,103.8353468
ANG MO KIO ST 21,ANG MO KIO,1.3688211,103.8348498
TIONG BAHRU RD,BUKIT MERAH,1.2848811,103.834072
KLANG LANE,CENTRAL AREA,1.3083426,103.8522102
CHOA CHU KANG LOOP,CHOA CHU KANG,1.3845841,103.7454465
CLEMENTI ST 14,CLEMENTI,1.3231096,103.7687874
SIMS PL,GEYLANG,1.3171615,103.8798859
JURONG EAST ST 31,JURONG EAST,1.3468955,103.7305042
YUAN CHING RD,JURONG WEST,1.3351474,103.7250768
CORPORATION DR,JURONG WEST,1.3330012,103.7231742
YUNG PING RD,JURONG WEST,1.3298737,103.7221004
WHAMPOA STH,KALLANG/WHAMPOA,1.3243734,103.8669288
TESSENSOHN RD,KALLANG/WHAMPOA,1.3152169,103.8560427
JLN DUSUN,KALLANG/WHAMPOA,1.3277355,103.8438938
QUEENSWAY,QUEENSTOWN,1.2951543,103.7993526
FERNVALE LINK,SENGKANG,1.3940459,103.8790491
KIM PONG RD,BUKIT MERAH,1.2849229,103.830134
KIM CHENG ST,BUKIT MERAH,1.2845803,103.8319254
SAUJANA RD,BUKIT PANJANG,1.3823228,103.7670273
BUFFALO RD,CENTRAL AREA,1.3067427,103.8507191
CLEMENTI ST 12,CLEMENTI,1.3225224,103.7699016
DAKOTA CRES,GEYLANG,1.3065356,103.8859758
JURONG WEST ST 51,JURONG WEST,1.3478108,103.7205379
FRENCH RD,KALLANG/WHAMPOA,1.3078243,103.8611394
GLOUCESTER RD,KALLANG/WHAMPOA,1.3129226,103.8520501
KG ARANG RD,KALLANG/WHAMPOA,1.3001369,103.8822052
MOULMEIN RD,KALLANG/WHAMPOA,1.3190419,103.8484817
KENT RD,KALLANG/WHAMPOA,1.3162604,103.8521212
AH HOOD RD,KALLANG/WHAMPOA,1.3276907,103.8467576
SERANGOON NTH AVE 2,SERANGOON,1.3646658,103.872273
TAMPINES CTRL 1,TAMPINES,1.3545669,103.9452518
TAMPINES AVE 7,TAMPINES,1.3566358,103.9510693
LOR 1A TOA PAYOH,TOA PAYOH,1.337022,103.8448183
WOODLANDS AVE 9,WOODLANDS,1.4482076,103.798614
YISHUN CTRL 1,YISHUN,1.4284719,103.8373172
LOWER DELTA RD,BUKIT MERAH,1.2806387,103.8236385
JLN DUA,GEYLANG,1.3090267,103.887611
WOODLANDS ST 11,WOODLANDS,1.4334437,103.7756533
ANG MO KIO AVE 2,ANG MO KIO,1.3727518,103.8331481
SELEGIE RD,CENTRAL AREA,1.3030725,103.850061
SIMS AVE,GEYLANG,1.3160592,103.8878591
REDHILL LANE,BUKIT MERAH,1.2881024,103.8186716
KING GEORGE'S AVE,KALLANG/WHAMPOA,1.3088963,103.8606542
PASIR RIS ST 41,PASIR RIS,1.3727321,103.9588154
PUNGGOL WALK,PUNGGOL,1.4045898,103.9002053
LIM LIAK ST,BUKIT MERAH,1.2852747,103.831512
JLN BERSEH,CENTRAL AREA,1.3074135,103.8573135
SENGKANG WEST WAY,SENGKANG,1.3952267,103.8772038
BUANGKOK GREEN,HOUGANG,1.3793342,103.8826989
SEMBAWANG WAY,SEMBAWANG,1.4485106,103.8164795
PUNGGOL WAY,PUNGGOL,1.4105803,103.8997945
YISHUN ST 31,YISHUN,1.431542,103.8458237
TECK WHYE CRES,CHOA CHU KANG,1.3826654,103.7529194
KRETA AYER RD,CENTRAL AREA,1.2810807,103.8421525
MONTREAL LINK,SEMBAWANG,1.4507066,103.8269831
UPP SERANGOON CRES,HOUGANG,1.3773101,103.900557
SUMANG LINK,PUNGGOL,1.4104442,103.9001695
SENGKANG EAST AVE,SENGKANG,1.3866378,103.8934541
YISHUN AVE 1,YISHUN,1.4199951,103.8435885
ANCHORVALE CRES,SENGKANG,1.398666,103.8907686
YUNG KUANG RD,JURONG WEST,1.3315525,103.7231225
ANCHORVALE ST,SENGKANG,1.3972468,103.8891036
TAMPINES CTRL 8,TAMPINES,1.3566321,103.9405599
YISHUN ST 51,YISHUN,1.4163675,103.843359
UPP SERANGOON VIEW,HOUGANG,1.3748698,103.903101
TAMPINES AVE 1,TAMPINES,1.3464261,103.9338822
BEDOK RESERVOIR CRES,BEDOK,1.3363313,103.9204707
ANG MO KIO ST 61,ANG MO KIO,1.380979,103.8411747
DAWSON RD,QUEENSTOWN,1.2947656,103.8106115
FERNVALE ST,SENGKANG,1.3982639,103.880279
SENG POH RD,BUKIT MERAH,1.284938,103.8330175
HOUGANG ST 32,HOUGANG,1.3632819,103.8941426
TAMPINES ST 86,TAMPINES,1.3529253,103.9291632
HENDERSON RD,BUKIT MERAH,1.2804105,103.8176054
SUMANG WALK,PUNGGOL,1.4082573,103.895989
CHOA CHU KANG AVE 7,CHOA CHU KANG,1.3749472,103.7466605
KEAT HONG CL,CHOA CHU KANG,1.3744652,103.7425722
JURONG WEST CTRL 3,JURONG WEST,1.3405785,103.7062591
KEAT HONG LINK,CHOA CHU KANG,1.3756913,103.7488088
ALJUNIED AVE 2,GEYLANG,1.3209156,103.8870987
CANBERRA CRES,SEMBAWANG,1.4467709,103.8299021
SUMANG LANE,PUNGGOL,1.4024854,103.8924562
CANBERRA ST,SEMBAWANG,1.4482378,103.8323708
ANG MO KIO ST 44,ANG MO KIO,1.3663588,103.8574991
WOODLANDS RISE,WOODLANDS,1.4466288,103.8043849
CANBERRA WALK,SEMBAWANG,1.4474469,103.8299003
ANG MO KIO ST 51,ANG MO KIO,1.3710282,103.8541658
